USE HEALTHCARE_SYSTEM;

INSERT INTO user_account_T (username, user_password, user_role) VALUES
('patient1', 'pass123', 'Patient'),
('patient2', 'pass123', 'Patient'),
('patient3', 'pass123', 'Patient'),
('patient4', 'pass123', 'Patient'),
('patient5', 'pass123', 'Patient'),
('patient6', 'pass123', 'Patient'),
('patient7', 'pass123', 'Patient'),
('patient8', 'pass123', 'Patient'),
('patient9', 'pass123', 'Patient'),
('patient10', 'pass123', 'Patient'),
('patient11', 'pass123', 'Patient'),
('patient12', 'pass123', 'Patient'),
('patient13', 'pass123', 'Patient'),
('patient14', 'pass123', 'Patient'),
('patient15', 'pass123', 'Patient'),
('patient16', 'pass123', 'Patient'),
('patient17', 'pass123', 'Patient'),
('patient18', 'pass123', 'Patient'),
('patient19', 'pass123', 'Patient'),
('patient20', 'pass123', 'Patient'),
('doctor1', 'pass123', 'Doctor'),
('doctor2', 'pass123', 'Doctor'),
('doctor3', 'pass123', 'Doctor'),
('doctor4', 'pass123', 'Doctor'),
('doctor5', 'pass123', 'Doctor'),
('doctor6', 'pass123', 'Doctor'),
('doctor7', 'pass123', 'Doctor'),
('doctor8', 'pass123', 'Doctor'),
('doctor9', 'pass123', 'Doctor'),
('doctor10', 'pass123', 'Doctor'),
('doctor11', 'pass123', 'Doctor'),
('doctor12', 'pass123', 'Doctor'),
('doctor13', 'pass123', 'Doctor'),
('doctor14', 'pass123', 'Doctor'),
('doctor15', 'pass123', 'Doctor'),
('doctor16', 'pass123', 'Doctor'),
('doctor17', 'pass123', 'Doctor'),
('doctor18', 'pass123', 'Doctor'),
('doctor19', 'pass123', 'Doctor'),
('doctor20', 'pass123', 'Doctor'),
('nurse1', 'pass123', 'Nurse'),
('nurse2', 'pass123', 'Nurse'),
('nurse3', 'pass123', 'Nurse'),
('nurse4', 'pass123', 'Nurse'),
('nurse5', 'pass123', 'Nurse'),
('nurse6', 'pass123', 'Nurse'),
('nurse7', 'pass123', 'Nurse'),
('nurse8', 'pass123', 'Nurse'),
('nurse9', 'pass123', 'Nurse'),
('nurse10', 'pass123', 'Nurse'),
('nurse11', 'pass123', 'Nurse'),
('nurse12', 'pass123', 'Nurse'),
('nurse13', 'pass123', 'Nurse'),
('nurse14', 'pass123', 'Nurse'),
('nurse15', 'pass123', 'Nurse'),
('nurse16', 'pass123', 'Nurse'),
('nurse17', 'pass123', 'Nurse'),
('nurse18', 'pass123', 'Nurse'),
('nurse19', 'pass123', 'Nurse'),
('nurse20', 'pass123', 'Nurse'),
('receptionist1', 'pass123', 'Receptionist'),
('receptionist2', 'pass123', 'Receptionist'),
('receptionist3', 'pass123', 'Receptionist'),
('receptionist4', 'pass123', 'Receptionist'),
('receptionist5', 'pass123', 'Receptionist'),
('receptionist6', 'pass123', 'Receptionist'),
('receptionist7', 'pass123', 'Receptionist'),
('receptionist8', 'pass123', 'Receptionist'),
('receptionist9', 'pass123', 'Receptionist'),
('receptionist10', 'pass123', 'Receptionist'),
('receptionist11', 'pass123', 'Receptionist'),
('receptionist12', 'pass123', 'Receptionist'),
('receptionist13', 'pass123', 'Receptionist'),
('receptionist14', 'pass123', 'Receptionist'),
('receptionist15', 'pass123', 'Receptionist'),
('receptionist16', 'pass123', 'Receptionist'),
('receptionist17', 'pass123', 'Receptionist'),
('receptionist18', 'pass123', 'Receptionist'),
('receptionist19', 'pass123', 'Receptionist'),
('receptionist20', 'pass123', 'Receptionist');

INSERT INTO patient_T (patient_name, date_of_birth, gender, address, phone_number, age, user_id) VALUES
('Bob Rove', '1990-01-01', 'Male', '123 Adams St', '510-123-4567', 34, 1),
('Alice Doe', '1985-04-12', 'Female', '234 Oak St', '510-234-5678', 39, 2),
('Nancy Smith', '1992-03-21', 'Female', '345 Pine St', '510-345-6789', 32, 3),
('John Miller', '1978-07-19', 'Male', '456 Maple St', '510-456-7890', 46, 4),
('Emma Watson', '1988-11-05', 'Female', '567 Cedar St', '510-567-8901', 36, 5),
('David Brown', '1995-02-18', 'Male', '678 Birch St', '510-678-9012', 29, 6),
('Sophia Wilson', '1993-08-10', 'Female', '789 Cherry St', '510-789-0123', 31, 7),
('James Taylor', '1984-09-22', 'Male', '890 Spruce St', '510-890-1234', 40, 8),
('Olivia Johnson', '1997-04-30', 'Female', '901 Willow St', '510-901-2345', 27, 9),
('Liam White', '1989-12-14', 'Male', '1012 Aspen St', '510-123-3456', 35, 10),
('Charlotte Green', '1986-06-28', 'Female', '1123 Redwood St', '510-234-4567', 38, 11),
('Noah Harris', '1994-03-12', 'Male', '1234 Cypress St', '510-345-5678', 30, 12),
('Amelia Lee', '1991-05-16', 'Female', '1345 Magnolia St', '510-456-6789', 33, 13),
('Elijah Clark', '1982-02-25', 'Male', '1456 Alder St', '510-567-7890', 42, 14),
('Mia Robinson', '1996-10-20', 'Female', '1567 Fir St', '510-678-8901', 28, 15),
('Benjamin Wright', '1998-01-11', 'Male', '1678 Poplar St', '510-789-9012', 26, 16),
('Harper Walker', '1990-09-07', 'Female', '1789 Oakwood St', '510-890-0123', 34, 17),
('Lucas Hall', '1983-11-29', 'Male', '1890 Dogwood St', '510-901-1234', 41, 18),
('Ava Adams', '1999-07-03', 'Female', '1901 Cottonwood St', '510-123-2345', 25, 19),
('Mason Turner', '1975-12-17', 'Male', '2002 Chestnut St', '510-234-3456', 49, 20);

INSERT INTO employee_T (employee_name, gender, phone_number, employee_schedule, employee_role, user_id) VALUES
('John Doe', 'Male', '1234567890', '9AM - 5PM', 'Doctor', 21),
('Alice Smith', 'Female', '1234567891', '9AM - 5PM', 'Doctor', 22),
('Michael Jones', 'Male', '1234567892', '9AM - 5PM', 'Doctor', 23),
('Lisa James', 'Female', '1234567893', '9AM - 5PM', 'Doctor', 24),
('Nicole Miller', 'Female', '1234567894', '9AM - 5PM', 'Doctor', 25),
('Tom Clark', 'Male', '1234567895', '9AM - 5PM', 'Doctor', 26),
('Alice Hall', 'Female', '1234567896', '9AM - 5PM', 'Doctor', 27),
('Robert Turner', 'Male', '1234567897', '9AM - 5PM', 'Doctor', 28),
('Jennifer Carter', 'Female', '1234567898', '9AM - 5PM', 'Doctor', 29),
('Karen Lee', 'Female', '1234567899', '9AM - 5PM', 'Doctor', 30),
('Zoe Gray', 'Female', '1234567800', '9AM - 5PM', 'Doctor', 31),
('William Collins', 'Male', '1234567801', '9AM - 5PM', 'Doctor', 32),
('Yara Price', 'Female', '1234567802', '9AM - 5PM', 'Doctor', 33),
('Hannah Moore', 'Female', '1234567803', '9AM - 5PM', 'Doctor', 34),
('George Morgan', 'Male', '1234567804', '9AM - 5PM', 'Doctor', 35),
('Hannah Sanders', 'Female', '1234567805', '9AM - 5PM', 'Doctor', 36),
('Xander Foster', 'Male', '1234567806', '9AM - 5PM', 'Doctor', 37),
('Sarah Matthews', 'Female', '1234567807', '9AM - 5PM', 'Doctor', 38),
('David Brown', 'Male', '1234567808', '9AM - 5PM', 'Doctor', 39),
('Emily White', 'Female', '1234567809', '9AM - 5PM', 'Doctor', 40),
('Sophia Adams', 'Female', '1234567810', '9AM - 5PM', 'Nurse', 41),
('James Wilson', 'Male', '1234567811', '9AM - 5PM', 'Nurse', 42),
('Isabella Scott', 'Female', '1234567812', '9AM - 5PM', 'Nurse', 43),
('Michael Davis', 'Male', '1234567813', '9AM - 5PM', 'Nurse', 44),
('Olivia Taylor', 'Female', '1234567814', '9AM - 5PM', 'Nurse', 45),
('Ethan Harris', 'Male', '1234567815', '9AM - 5PM', 'Nurse', 46),
('Ava Clark', 'Female', '1234567816', '9AM - 5PM', 'Nurse', 47),
('Lucas Lewis', 'Male', '1234567817', '9AM - 5PM', 'Nurse', 48),
('Mason Walker', 'Male', '1234567818', '9AM - 5PM', 'Nurse', 49),
('Lily Hall', 'Female', '1234567819', '9AM - 5PM', 'Nurse', 50),
('Benjamin Allen', 'Male', '1234567820', '9AM - 5PM', 'Nurse', 51),
('Chloe Young', 'Female', '1234567821', '9AM - 5PM', 'Nurse', 52),
('Elijah King', 'Male', '1234567822', '9AM - 5PM', 'Nurse', 53),
('Grace Perez', 'Female', '1234567823', '9AM - 5PM', 'Nurse', 54),
('Oliver Rodriguez', 'Male', '1234567824', '9AM - 5PM', 'Nurse', 55),
('Amelia Martinez', 'Female', '1234567825', '9AM - 5PM', 'Nurse', 56),
('Sebastian Lee', 'Male', '1234567826', '9AM - 5PM', 'Nurse', 57),
('Victoria Moore', 'Female', '1234567827', '9AM - 5PM', 'Nurse', 58),
('Henry Perez', 'Male', '1234567828', '9AM - 5PM', 'Nurse', 59),
('Charlotte Miller', 'Female', '1234567829', '9AM - 5PM', 'Nurse', 60),
('Liam Walker', 'Male', '1234567830', '9AM - 5PM', 'Receptionist', 61),
('Charlotte Anderson', 'Female', '1234567831', '9AM - 5PM', 'Receptionist', 62),
('Amelia Martinez', 'Female', '1234567832', '9AM - 5PM', 'Receptionist', 63),
('Jackson Thomas', 'Male', '1234567833', '9AM - 5PM', 'Receptionist', 64),
('Mia Taylor', 'Female', '1234567834', '9AM - 5PM', 'Receptionist', 65),
('Daniel Harris', 'Male', '1234567835', '9AM - 5PM', 'Receptionist', 66),
('Elena White', 'Female', '1234567836', '9AM - 5PM', 'Receptionist', 67),
('Ryan Lee', 'Male', '1234567837', '9AM - 5PM', 'Receptionist', 68),
('Grace King', 'Female', '1234567838', '9AM - 5PM', 'Receptionist', 69),
('John Scott', 'Male', '1234567839', '9AM - 5PM', 'Receptionist', 60),
('Natalie Walker', 'Female', '1234567840', '9AM - 5PM', 'Receptionist', 71),
('Samuel Harris', 'Male', '1234567841', '9AM - 5PM', 'Receptionist', 72),
('Emily Clark', 'Female', '1234567842', '9AM - 5PM', 'Receptionist', 73),
('Liam Evans', 'Male', '1234567843', '9AM - 5PM', 'Receptionist', 74),
('Sophia Moore', 'Female', '1234567844', '9AM - 5PM', 'Receptionist', 75),
('David Green', 'Male', '1234567845', '9AM - 5PM', 'Receptionist', 76),
('Amelia Young', 'Female', '1234567846', '9AM - 5PM', 'Receptionist', 77),
('Benjamin Wright', 'Male', '1234567847', '9AM - 5PM', 'Receptionist', 78),
('Ava King', 'Female', '1234567848', '9AM - 5PM', 'Receptionist', 79),
('Sophia Lewis', 'Female', '1234567849', '9AM - 5PM', 'Receptionist', 80);

INSERT INTO doctor_T (employee_id, department, license_number) VALUES
(1, 'Orthopedics', 'ORTHO12345'),
(2, 'Optometry', 'OPTO67890'),
(3, 'Cardiology', 'CARD11223'),
(4, 'Pediatrics', 'PEDI44556'),
(5, 'Dermatology', 'DERM77889'),
(6, 'Neurology', 'NEURO99001'),
(7, 'Radiology', 'RADIO22334'),
(8, 'General Medicine', 'GENMED55667'),
(9, 'Orthopedics', 'ORTHO88990'),
(10, 'Optometry', 'OPTO33445'),
(11, 'Cardiology', 'CARD66778'),
(12, 'Pediatrics', 'PEDI99012'),
(13, 'Dermatology', 'DERM11234'),
(14, 'Neurology', 'NEURO44556'),
(15, 'Radiology', 'RADIO77889'),
(16, 'General Medicine', 'GENMED99023'),
(17, 'Orthopedics', 'ORTHO33456'),
(18, 'Optometry', 'OPTO66778'),
(19, 'Cardiology', 'CARD88901'),
(20, 'Pediatrics', 'PEDI11245');

INSERT INTO nurse_T (employee_id, certification, shift) VALUES
(21, 'Certified Nursing Assistant (CNA)', 'Day Shift'),
(22, 'Registered Nurse (RN)', 'Night Shift'),
(23, 'Licensed Practical Nurse (LPN)', 'Day Shift'),
(24, 'Certified Nursing Assistant (CNA)', 'Night Shift'),
(25, 'Registered Nurse (RN)', 'Day Shift'),
(26, 'Advanced Practice Registered Nurse (APRN)', 'Evening Shift'),
(27, 'Certified Nurse Midwife (CNM)', 'Night Shift'),
(28, 'Certified Nurse Anesthetist (CRNA)', 'Day Shift'),
(29, 'Registered Nurse (RN)', 'Evening Shift'),
(30, 'Licensed Practical Nurse (LPN)', 'Night Shift'),
(31, 'Certified Nursing Assistant (CNA)', 'Day Shift'),
(32, 'Registered Nurse (RN)', 'Night Shift'),
(33, 'Licensed Practical Nurse (LPN)', 'Evening Shift'),
(34, 'Certified Nurse Midwife (CNM)', 'Day Shift'),
(35, 'Certified Nurse Anesthetist (CRNA)', 'Night Shift'),
(36, 'Registered Nurse (RN)', 'Day Shift'),
(37, 'Licensed Practical Nurse (LPN)', 'Evening Shift'),
(38, 'Certified Nursing Assistant (CNA)', 'Day Shift'),
(39, 'Certified Nurse Midwife (CNM)', 'Night Shift'),
(40, 'Advanced Practice Registered Nurse (APRN)', 'Evening Shift');

INSERT INTO receptionist_T (employee_id) VALUES
(41),
(42),
(43),
(44),
(45),
(46),
(47),
(48),
(49),
(50),
(51),
(52),
(53),
(54),
(55),
(56),
(57),
(58),
(59),
(60);

INSERT INTO appointment_T (patient_id, employee_id, appointment_date, appointment_time) VALUES
(1, 1, '2024-12-15', '09:00:00'),
(2, 2, '2024-12-16', '10:00:00'),
(3, 3, '2024-12-17', '11:00:00'),
(4, 4, '2024-12-18', '12:00:00'),
(5, 5, '2024-12-19', '13:00:00'),
(6, 6, '2024-12-20', '14:00:00'),
(7, 7, '2024-12-21', '15:00:00'),
(8, 8, '2024-12-22', '16:00:00'),
(9, 9, '2024-12-23', '17:00:00'),
(10, 10, '2024-12-24', '18:00:00'),
(11, 11, '2024-12-25', '09:00:00'),
(12, 12, '2024-12-26', '10:00:00'),
(13, 13, '2024-12-27', '11:00:00'),
(14, 14, '2024-12-28', '12:00:00'),
(15, 15, '2024-12-29', '13:00:00'),
(16, 16, '2024-12-30', '14:00:00'),
(17, 17, '2024-12-31', '15:00:00'),
(18, 18, '2025-01-01', '16:00:00'),
(19, 19, '2025-01-02', '17:00:00'),
(20, 20, '2025-01-03', '18:00:00');

INSERT INTO medical_history_T (patient_id, past_medical_history, family_medical_history, current_diagnoses, current_medications) VALUES
(1, 'None', 'Father had hypertension.', 'Asthma, Allergies.', 'Albuterol inhaler as needed.'),
(2, 'Surgery for appendicitis in 2020.', 'Mother has diabetes, father had heart disease.', 'Chronic back pain.', 'Ibuprofen for pain relief.'),
(3, 'None', 'None', 'Migraine headaches.', 'Sumatriptan for migraines.'),
(4, 'High blood pressure diagnosed in 2018.', 'Mother had breast cancer, father had diabetes.', 'Hypertension, Acid reflux.', 'Lisinopril for hypertension.'),
(5, 'None', 'None', 'Type 1 Diabetes.', 'Insulin injections daily.'),
(6, 'Fractured arm in 2019.', 'None', 'Chronic knee pain.', 'Glucosamine supplements.'),
(7, 'History of anxiety and depression.', 'Family history of mental health conditions.', 'Generalized Anxiety Disorder, Depression.', 'Sertraline for anxiety.'),
(8, 'Had gallbladder removed in 2022.', 'Father had prostate cancer.', 'Chronic digestive issues.', 'Omeprazole for acid reflux.'),
(9, 'Allergic reaction to penicillin in childhood.', 'None', 'Seasonal allergies.', 'Cetirizine for allergies.'),
(10, 'None', 'Father had high cholesterol.', 'High cholesterol.', 'Atorvastatin for cholesterol management.'),
(11, 'Had knee surgery in 2020.', 'None', 'Osteoarthritis in knees.', 'Pain relief as needed.'),
(12, 'Suffered from depression in the past.', 'Family history of depression.', 'Post-traumatic stress disorder (PTSD).', 'Sertraline for PTSD.'),
(13, 'None', 'Family history of hypertension.', 'Hypertension, mild obesity.', 'Lisinopril and diet management.'),
(14, 'None', 'None', 'None', 'None.'),
(15, 'Fractured leg in 2015.', 'Family has history of osteoporosis.', 'Osteoporosis.', 'Calcium and Vitamin D supplements.'),
(16, 'None', 'Family has a history of asthma.', 'Asthma.', 'Albuterol inhaler.'),
(17, 'Surgical history for hernia repair.', 'Father had diabetes.', 'Mild diabetes, hypertension.', 'Metformin for diabetes.'),
(18, 'Had tonsils removed as a child.', 'None', 'Tonsillitis.', 'None.'),
(19, 'None', 'Family history of heart disease.', 'Heart disease.', 'Beta-blockers and statins.'),
(20, 'Surgery for hip replacement in 2021.', 'None', 'Arthritis in hips.', 'Pain relievers as needed.');

INSERT INTO billing_T (patient_id, appointment_id, total_amount, payment_status, payment_date) VALUES
(1, 1, 150.00, 'Paid', '2024-11-01'),
(2, 2, 200.00, 'Paid', '2024-11-02'),
(3, 3, 120.00, 'Pending', '2024-11-03'),
(4, 4, 180.00, 'Paid', '2024-11-04'),
(5, 5, 250.00, 'Pending', '2024-11-05'),
(6, 6, 130.00, 'Paid', '2024-11-06'),
(7, 7, 220.00, 'Paid', '2024-11-07'),
(8, 8, 210.00, 'Paid', '2024-11-08'),
(9, 9, 160.00, 'Pending', '2024-11-09'),
(10, 10, 170.00, 'Paid', '2024-11-10'),
(11, 11, 190.00, 'Paid', '2024-11-11'),
(12, 12, 210.00, 'Paid', '2024-11-12'),
(13, 13, 230.00, 'Pending', '2024-11-13'),
(14, 14, 200.00, 'Paid', '2024-11-14'),
(15, 15, 240.00, 'Paid', '2024-11-15'),
(16, 16, 180.00, 'Pending', '2024-11-16'),
(17, 17, 160.00, 'Paid', '2024-11-17'),
(18, 18, 220.00, 'Paid', '2024-11-18'),
(19, 19, 150.00, 'Paid', '2024-11-19'),
(20, 20, 210.00, 'Pending', '2024-11-20');

INSERT INTO pharmacy_T (pharmacy_name, address, phone_number) VALUES
('City Pharmacy', '123 Main St, Springfield', '555-0101'),
('HealthMart', '456 Oak St, Rivertown', '555-0102'),
('Wellness Pharmacy', '789 Maple Ave, Greenfield', '555-0103'),
('CarePlus Pharmacy', '101 Pine St, Lakeside', '555-0104'),
('MedCenter Pharmacy', '202 Birch Blvd, Westfield', '555-0105'),
('PharmaMax', '303 Cedar Rd, Eastside', '555-0106'),
('Family Care Pharmacy', '404 Elm St, Downtown', '555-0107'),
('HealthyLife Pharmacy', '505 Ash Ln, Hilltop', '555-0108'),
('Prime Pharmacy', '606 Redwood Dr, Beachside', '555-0109'),
('SpeedyPharm', '707 Spruce St, Midtown', '555-0110'),
('GreenLeaf Pharmacy', '808 Pineapple Rd, Riverbend', '555-0111'),
('Sunshine Pharmacy', '909 Maple Dr, Bayside', '555-0112'),
('BlueSky Pharmacy', '123 Ocean Blvd, Seaview', '555-0113'),
('QuickCare Pharmacy', '234 Lakeview Rd, Clearwater', '555-0114'),
('TrustCare Pharmacy', '345 Mountain Rd, Summit', '555-0115'),
('CareMax Pharmacy', '456 Forest Ln, Evergreen', '555-0116'),
('MedWise Pharmacy', '567 Hilltop Ave, Peakville', '555-0117'),
('VitalRx Pharmacy', '678 Rose St, Pleasantville', '555-0118'),
('ProCare Pharmacy', '789 Walnut Dr, Newtown', '555-0119'),
('SmartMed Pharmacy', '890 Birchwood Rd, Hillside', '555-0120');

INSERT INTO medication_T (medication_name, dosage, frequency, form, side_effects) VALUES
('Aspirin', '500mg', 'Once daily', 'Tablet', 'May cause stomach upset, dizziness'),
('Ibuprofen', '200mg', 'Every 6 hours as needed for pain', 'Tablet', 'May cause stomach irritation, headache'),
('Paracetamol', '500mg', 'Every 4-6 hours as needed', 'Tablet', 'May cause liver damage if overused'),
('Metformin', '500mg', 'Twice daily with meals', 'Tablet', 'May cause nausea, upset stomach'),
('Atorvastatin', '10mg', 'Once daily in the evening', 'Tablet', 'May cause muscle pain, fatigue'),
('Lisinopril', '10mg', 'Once daily', 'Tablet', 'May cause dizziness, headache'),
('Omeprazole', '20mg', 'Once daily before meals', 'Tablet', 'May cause headaches, diarrhea'),
('Hydrochlorothiazide', '25mg', 'Once daily', 'Tablet', 'May cause dizziness, low blood pressure'),
('Amoxicillin', '500mg', 'Every 8 hours for 7 days', 'Tablet', 'May cause diarrhea, rash'),
('Insulin', '10 units', 'Once daily', 'Liquid', 'May cause low blood sugar, weight gain'),
('Amlodipine', '5mg', 'Once daily', 'Tablet', 'May cause swelling, dizziness'),
('Sertraline', '50mg', 'Once daily', 'Tablet', 'May cause dry mouth, insomnia'),
('Prednisone', '10mg', 'Once daily in the morning', 'Tablet', 'May cause weight gain, stomach upset'),
('Metoprolol', '50mg', 'Once daily', 'Tablet', 'May cause dizziness, fatigue'),
('Levothyroxine', '50mcg', 'Once daily in the morning', 'Tablet', 'May cause headaches, nervousness'),
('Ciprofloxacin', '250mg', 'Every 12 hours for 5 days', 'Tablet', 'May cause nausea, dizziness'),
('Azithromycin', '250mg', 'Once daily for 5 days', 'Tablet', 'May cause stomach upset, diarrhea'),
('Loratadine', '10mg', 'Once daily', 'Tablet', 'May cause dry mouth, drowsiness'),
('Guaifenesin', '200mg', 'Every 4 hours', 'Liquid', 'May cause dizziness, nausea'),
('Mucolytics', '200mg', 'Once daily', 'Liquid', 'May cause drowsiness, nausea');

INSERT INTO prescription_T (patient_id, doctor_id, medication_id, prescription_date, duration, instructions) VALUES
(1, 1, 1, '2024-12-09', 7, 'Take one tablet daily after meals for 7 days'),
(2, 2, 2, '2024-12-09', 5, 'Take one tablet every 6 hours as needed for pain'),
(3, 3, 3, '2024-12-09', 10, 'Take one tablet every 4-6 hours as needed'),
(4, 4, 4, '2024-12-09', 14, 'Take one tablet twice daily with meals for 14 days'),
(5, 5, 5, '2024-12-09', 30, 'Take one tablet daily in the evening for 30 days'),
(6, 6, 6, '2024-12-09', 30, 'Take one tablet daily'),
(7, 7, 7, '2024-12-09', 14, 'Take one tablet daily before meals for 14 days'),
(8, 8, 8, '2024-12-09', 30, 'Take one tablet daily'),
(9, 9, 9, '2024-12-09', 7, 'Take one tablet every 8 hours for 7 days'),
(10, 10, 10, '2024-12-09', 30, 'Take one tablet daily for 30 days'),
(11, 11, 11, '2024-12-09', 30, 'Take one tablet daily'),
(12, 12, 12, '2024-12-09', 30, 'Take one tablet daily for 30 days'),
(13, 13, 13, '2024-12-09', 14, 'Take one tablet every 12 hours for 14 days'),
(14, 14, 14, '2024-12-09', 5, 'Take one tablet daily for 5 days'),
(15, 15, 15, '2024-12-09', 7, 'Take one tablet every 12 hours for 7 days'),
(16, 16, 16, '2024-12-09', 30, 'Take one tablet daily for 30 days'),
(17, 17, 17, '2024-12-09', 7, 'Take one tablet every 8 hours for 7 days'),
(18, 18, 18, '2024-12-09', 10, 'Take one tablet daily for 10 days'),
(19, 19, 19, '2024-12-09', 30, 'Take one tablet daily for 30 days'),
(20, 20, 20, '2024-12-09', 7, 'Take one tablet every 4 hours as needed');

INSERT INTO dispensation_T (prescription_id, medication_id, patient_id, pharmacy_id, dispensation_date, quantity_dispensed, notes) VALUES
(1, 1, 1, 1, '2024-12-09', 7, 'Refill after one month.'),
(2, 2, 2, 2, '2024-12-09', 5, 'Refill after two weeks.'),
(3, 3, 3, 3, '2024-12-09', 10, 'Refill after one month.'),
(4, 4, 4, 4, '2024-12-09', 14, 'Refill after two months.'),
(5, 5, 5, 5, '2024-12-09', 30, 'No refill needed.'),
(6, 6, 6, 6, '2024-12-09', 30, 'Refill after three months.'),
(7, 7, 7, 7, '2024-12-09', 14, 'Refill after one month.'),
(8, 8, 8, 8, '2024-12-09', 30, 'Refill after two months.'),
(9, 9, 9, 9, '2024-12-09', 7, 'Refill after one month.'),
(10, 10, 10, 10, '2024-12-09', 30, 'No refill needed.'),
(11, 11, 11, 11, '2024-12-09', 30, 'Refill after one month.'),
(12, 12, 12, 12, '2024-12-09', 10, 'Refill after one week.'),
(13, 13, 13, 13, '2024-12-09', 5, 'No refill needed.'),
(14, 14, 14, 14, '2024-12-09', 20, 'Refill after two weeks.'),
(15, 15, 15, 15, '2024-12-09', 15, 'Refill after one month.'),
(16, 16, 16, 16, '2024-12-09', 10, 'No refill needed.'),
(17, 17, 17, 17, '2024-12-09', 25, 'Refill after three months.'),
(18, 18, 18, 18, '2024-12-09', 30, 'Refill after one month.'),
(19, 19, 19, 19, '2024-12-09', 10, 'Refill after one month.'),
(20, 20, 20, 20, '2024-12-09', 7, 'Refill after two weeks.');

INSERT INTO lab_tests_T (patient_id, test_name, test_date, results, lab_status) VALUES
(1, 'Blood Test', '2024-12-09', 'Normal levels of all components', 'Completed'),
(2, 'X-Ray', '2024-12-09', 'No abnormalities detected', 'Completed'),
(3, 'MRI Scan', '2024-12-09', 'Possible early signs of arthritis', 'Pending'),
(4, 'CT Scan', '2024-12-09', 'Clear', 'Completed'),
(5, 'Ultrasound', '2024-12-09', 'Normal', 'Pending'),
(6, 'Blood Test', '2024-12-09', 'High cholesterol', 'Completed'),
(7, 'ECG', '2024-12-09', 'Normal heart rhythm', 'Completed'),
(8, 'Blood Test', '2024-12-09', 'Low iron levels', 'Completed'),
(9, 'X-Ray', '2024-12-09', 'Fracture detected in right arm', 'Completed'),
(10, 'CT Scan', '2024-12-09', 'Possible brain tumor', 'Pending'),
(11, 'Blood Test', '2024-12-09', 'Normal', 'Completed'),
(12, 'Ultrasound', '2024-12-09', 'Enlarged liver', 'Completed'),
(13, 'MRI Scan', '2024-12-09', 'Signs of inflammation in the knee', 'Completed'),
(14, 'ECG', '2024-12-09', 'Irregular heartbeat', 'Completed'),
(15, 'X-Ray', '2024-12-09', 'Clear lungs', 'Completed'),
(16, 'Blood Test', '2024-12-09', 'High blood sugar levels', 'Completed'),
(17, 'Blood Test', '2024-12-09', 'Normal', 'Completed'),
(18, 'Ultrasound', '2024-12-09', 'No issues detected', 'Pending'),
(19, 'CT Scan', '2024-12-09', 'Clear', 'Completed'),
(20, 'MRI Scan', '2024-12-09', 'No abnormalities', 'Completed');

/*To view each table*/
SELECT * FROM user_account_T;
SELECT * FROM patient_T;
SELECT * FROM employee_T;
SELECT * FROM doctor_T;
SELECT * FROM nurse_T;
SELECT * FROM receptionist_T;
SELECT * FROM appointment_T;
SELECT * FROM medical_history_T;
SELECT * FROM billing_T;
SELECT * FROM pharmacy_T;
SELECT * FROM medication_T;
SELECT * FROM prescription_T;
SELECT * FROM dispensation_T;
SELECT * FROM lab_tests_T;
